Workbook

Sheet Comparativo Geral
A1: ARTES DA PIZZA — Comparativo de Preços por Canal
A2: Compare o que o cliente paga em cada canal. As colunas Δ mostram quanto o iFood/Keeta cobram a MAIS que o WhatsApp (em %). Δ negativo = canal mais barato que o WhatsApp = atenção (você pode estar perdendo).
D4: WhatsApp / Instagram | F4: iFood | H4: Keeta | J4: Δ iFood vs WA
A5: Nº | B5: Pizza | C5: Ingredientes | D5: Broto | E5: Grande | F5: Broto | G5: Grande | H5: Broto | I5: Grande | J5: Broto | K5: Grande
A6: PIZZAS SALGADAS
A7: 1 | B7: 2 QUEIJOS | C7: catupiry, mussarela e azeitonas | D7: 49 | E7: 78 | F7: 68.9 | G7: 99.9 | J7: =IFERROR((F7-D7)/D7,"") | K7: =IFERROR((G7-E7)/E7,"")
A8: 2 | B8: 4 QUEIJOS | C8: catupiry, provolone, mussarela, parmesão e azeitonas | D8: 55 | E8: 87 | F8: 76.9 | G8: 110.9 | J8: =IFERROR((F8-D8)/D8,"") | K8: =IFERROR((G8-E8)/E8,"")
A9: 3 | B9: 5 QUEIJOS | C9: catupiry, provolone, mussarela, gorgonzola, parmesão e azeitonas | D9: 60 | E9: 95 | F9: 83.9 | G9: 128.9 | J9: =IFERROR((F9-D9)/D9,"") | K9: =IFERROR((G9-E9)/E9,"")
A10: 4 | B10: A MODA DA CASA | C10: presunto, ovo, palmito, atum sólido, cebola, mussarela e azeitonas | D10: 60 | E10: 95 | F10: 84.9 | G10: 128.9 | J10: =IFERROR((F10-D10)/D10,"") | K10: =IFERROR((G10-E10)/E10,"")
A11: 5 | B11: ABOBRINHA | C11: abobrinha refogada no azeite e alho, mussarela, parmesão e azeitonas | D11: 45 | E11: 72 | F11: 59.9 | G11: 93.9 | J11: =IFERROR((F11-D11)/D11,"") | K11: =IFERROR((G11-E11)/E11,"")
A12: 6 | B12: ALADINELE | C12: mussarela, champignon, manjericão, parmesão e azeitonas | D12: 52 | E12: 82 | F12: 69.9 | G12: 99.9 | J12: =IFERROR((F12-D12)/D12,"") | K12: =IFERROR((G12-E12)/E12,"")
A13: 7 | B13: ALCACHOFRA | C13: alcachofra com mussarela, tomate seco e azeitonas | D13: 53 | E13: 85 | F13: 69.9 | G13: 110.9 | J13: =IFERROR((F13-D13)/D13,"") | K13: =IFERROR((G13-E13)/E13,"")
A14: 8 | B14: ALCACHOFRA ESPECIAL | C14: alcachofra, brócolis refogado na manteiga, mussarela de búfala e azeitonas | D14: 59 | E14: 94 | F14: 81.9 | G14: 125.9 | J14: =IFERROR((F14-D14)/D14,"") | K14: =IFERROR((G14-E14)/E14,"")
A15: 9 | B15: ALHO | C15: parmesão com alho frito e azeitonas | D15: 45 | E15: 72 | F15: 63.9 | G15: 98.9 | J15: =IFERROR((F15-D15)/D15,"") | K15: =IFERROR((G15-E15)/E15,"")
A16: 10 | B16: ALHO PORÓ | C16: mussarela, alho poró refogado na manteiga, parmesão e azeitonas | D16: 45 | E16: 72 | F16: 63.9 | G16: 93.9 | J16: =IFERROR((F16-D16)/D16,"") | K16: =IFERROR((G16-E16)/E16,"")
A17: 11 | B17: ALICHE IMPORTADO | C17: filé de aliche importado, mussarela, rodela de tomate, parmesão e azeitonas | D17: 59 | E17: 92 | F17: 82.9 | G17: 125.9 | J17: =IFERROR((F17-D17)/D17,"") | K17: =IFERROR((G17-E17)/E17,"")
A18: 12 | B18: AMERICANA | C18: calabresa, palmito, mussarela e azeitonas | D18: 55 | E18: 87 | F18: 64.9 | G18: 105.9 | J18: =IFERROR((F18-D18)/D18,"") | K18: =IFERROR((G18-E18)/E18,"")
... A73: 67 | B73: CHOCOLATE COM MORANGO | C73: chocolate ao leite com morango ou fruta da época | D73: 41 | E73: 65 | F73: 65.9 | G73: 89.9 | J73: =IFERROR((F73-D73)/D73,"") | K73: =IFERROR((G73-E73)/E73,"")
A74: 68 | B74: TORTA HOLANDESA | C74: torta gelada de creme com cobertura de chocolate | D74: 12 | J74: =IFERROR((F74-D74)/D74,"") | K74: =IFERROR((G74-E74)/E74,"")

Sheet iFood (extraído)
A1: Preços extraídos do iFood — 11/06/2026
A2: Trilha de auditoria. Cada linha é um item exatamente como aparece no cardápio do iFood. Itens em laranja são EXTRAS que não têm correspondência direta na tabela oficial — vale revisar se ainda fazem sentido.
A4: Nome no iFood | B4: Brotinho | C4: Grande | D4: Status
A5: Atum Especial | B5: 76.9 | C5: 116.9 | D5: OK
A6: Chocolate com morango | B6: 65.9 | C6: 89.9 | D6: OK
A7: Pizza 2 Queijos | B7: 68.9 | C7: 99.9 | D7: OK
A8: Pizza 4 Queijos | B8: 76.9 | C8: 110.9 | D8: OK
A9: Pizza 5 Queijos | B9: 83.9 | C9: 128.9 | D9: OK
A10: Pizza Abobrinha | B10: 59.9 | C10: 93.9 | D10: OK
A11: Pizza Aladinele | B11: 69.9 | C11: 99.9 | D11: OK
A12: Pizza Alcachofra | B12: 69.9 | C12: 110.9 | D12: OK
A13: Pizza Alcachofra Especial | B13: 81.9 | C13: 125.9 | D13: OK
A14: Pizza Alho | B14: 63.9 | C14: 98.9 | D14: OK
A15: Pizza Alho Poró | B15: 63.9 | C15: 93.9 | D15: OK
A16: Pizza Aliche Importado | B16: 82.9 | C16: 125.9 | D16: OK
... A75: Pizza Classic | B75: 68.9 | C75: 99.9 | D75: Sem correspondência
A76: Torta Holandesa (unidade) | B76: 14.9 | C76: — | D76: Sem correspondência

Sheet Margem real
A1: Margem real por canal — quanto entra no caixa depois da comissão
A2: Calcula o valor LÍQUIDO que entra no caixa em cada canal, descontando a comissão da plataforma. Ajuste os % de comissão nas células amarelas — a planilha recalcula tudo.
A4: Comissão iFood: | B4: 0.147 | D4: Comissão Keeta: | E4: 0.18 | G4: iFood: 12% comissão + 3,1% taxa pagto online = 14,7% (extrato real). Keeta: placeholder.
A6: Nº | B6: Pizza | C6: iFood bruto G | D6: iFood líquido G | E6: Keeta bruto G | F6: Keeta líquido G | G6: WhatsApp G | H6: Melhor canal (líquido)
A7: 1 | B7: 2 QUEIJOS | C7: ='Comparativo Geral'!G7 | D7: =IFERROR(C7*(1-$B$4),"") | E7: ='Comparativo Geral'!I7 | F7: =IFERROR(E7*(1-$E$4),"") | G7: ='Comparativo Geral'!E7 | H7: =IFERROR(IF(MAX(D7,F7,G7)=G7,"WhatsApp",IF(MAX(D7,F7,G7)=D7,"iFood","Keeta")),"")
A8: 2 | B8: 4 QUEIJOS | C8: ='Comparativo Geral'!G8 | D8: =IFERROR(C8*(1-$B$4),"") | E8: ='Comparativo Geral'!I8 | F8: =IFERROR(E8*(1-$E$4),"") | G8: ='Comparativo Geral'!E8 | H8: =IFERROR(IF(MAX(D8,F8,G8)=G8,"WhatsApp",IF(MAX(D8,F8,G8)=D8,"iFood","Keeta")),"")
A9: 3 | B9: 5 QUEIJOS | C9: ='Comparativo Geral'!G9 | D9: =IFERROR(C9*(1-$B$4),"") | E9: ='Comparativo Geral'!I9 | F9: =IFERROR(E9*(1-$E$4),"") | G9: ='Comparativo Geral'!E9 | H9: =IFERROR(IF(MAX(D9,F9,G9)=G9,"WhatsApp",IF(MAX(D9,F9,G9)=D9,"iFood","Keeta")),"")
A10: 4 | B10: A MODA DA CASA | C10: ='Comparativo Geral'!G10 | D10: =IFERROR(C10*(1-$B$4),"") | E10: ='Comparativo Geral'!I10 | F10: =IFERROR(E10*(1-$E$4),"") | G10: ='Comparativo Geral'!E10 | H10: =IFERROR(IF(MAX(D10,F10,G10)=G10,"WhatsApp",IF(MAX(D10,F10,G10)=D10,"iFood","Keeta")),"")
A11: 5 | B11: ABOBRINHA | C11: ='Comparativo Geral'!G11 | D11: =IFERROR(C11*(1-$B$4),"") | E11: ='Comparativo Geral'!I11 | F11: =IFERROR(E11*(1-$E$4),"") | G11: ='Comparativo Geral'!E11 | H11: =IFERROR(IF(MAX(D11,F11,G11)=G11,"WhatsApp",IF(MAX(D11,F11,G11)=D11,"iFood","Keeta")),"")
A12: 6 | B12: ALADINELE | C12: ='Comparativo Geral'!G12 | D12: =IFERROR(C12*(1-$B$4),"") | E12: ='Comparativo Geral'!I12 | F12: =IFERROR(E12*(1-$E$4),"") | G12: ='Comparativo Geral'!E12 | H12: =IFERROR(IF(MAX(D12,F12,G12)=G12,"WhatsApp",IF(MAX(D12,F12,G12)=D12,"iFood","Keeta")),"")
A13: 7 | B13: ALCACHOFRA | C13: ='Comparativo Geral'!G13 | D13: =IFERROR(C13*(1-$B$4),"") | E13: ='Comparativo Geral'!I13 | F13: =IFERROR(E13*(1-$E$4),"") | G13: ='Comparativo Geral'!E13 | H13: =IFERROR(IF(MAX(D13,F13,G13)=G13,"WhatsApp",IF(MAX(D13,F13,G13)=D13,"iFood","Keeta")),"")
A14: 8 | B14: ALCACHOFRA ESPECIAL | C14: ='Comparativo Geral'!G14 | D14: =IFERROR(C14*(1-$B$4),"") | E14: ='Comparativo Geral'!I14 | F14: =IFERROR(E14*(1-$E$4),"") | G14: ='Comparativo Geral'!E14 | H14: =IFERROR(IF(MAX(D14,F14,G14)=G14,"WhatsApp",IF(MAX(D14,F14,G14)=D14,"iFood","Keeta")),"")
A15: 9 | B15: ALHO | C15: ='Comparativo Geral'!G15 | D15: =IFERROR(C15*(1-$B$4),"") | E15: ='Comparativo Geral'!I15 | F15: =IFERROR(E15*(1-$E$4),"") | G15: ='Comparativo Geral'!E15 | H15: =IFERROR(IF(MAX(D15,F15,G15)=G15,"WhatsApp",IF(MAX(D15,F15,G15)=D15,"iFood","Keeta")),"")
A16: 10 | B16: ALHO PORÓ | C16: ='Comparativo Geral'!G16 | D16: =IFERROR(C16*(1-$B$4),"") | E16: ='Comparativo Geral'!I16 | F16: =IFERROR(E16*(1-$E$4),"") | G16: ='Comparativo Geral'!E16 | H16: =IFERROR(IF(MAX(D16,F16,G16)=G16,"WhatsApp",IF(MAX(D16,F16,G16)=D16,"iFood","Keeta")),"")
A17: 11 | B17: ALICHE IMPORTADO | C17: ='Comparativo Geral'!G17 | D17: =IFERROR(C17*(1-$B$4),"") | E17: ='Comparativo Geral'!I17 | F17: =IFERROR(E17*(1-$E$4),"") | G17: ='Comparativo Geral'!E17 | H17: =IFERROR(IF(MAX(D17,F17,G17)=G17,"WhatsApp",IF(MAX(D17,F17,G17)=D17,"iFood","Keeta")),"")
A18: 12 | B18: AMERICANA | C18: ='Comparativo Geral'!G18 | D18: =IFERROR(C18*(1-$B$4),"") | E18: ='Comparativo Geral'!I18 | F18: =IFERROR(E18*(1-$E$4),"") | G18: ='Comparativo Geral'!E18 | H18: =IFERROR(IF(MAX(D18,F18,G18)=G18,"WhatsApp",IF(MAX(D18,F18,G18)=D18,"iFood","Keeta")),"")
... A74: 68 | B74: TORTA HOLANDESA | C74: ='Comparativo Geral'!G74 | D74: =IFERROR(C74*(1-$B$4),"") | E74: ='Comparativo Geral'!I74 | F74: =IFERROR(E74*(1-$E$4),"") | G74: ='Comparativo Geral'!E74 | H74: =IFERROR(IF(MAX(D74,F74,G74)=G74,"WhatsApp",IF(MAX(D74,F74,G74)=D74,"iFood","Keeta")),"")

Sheet Preço sugerido WhatsApp
A1: Preço sugerido WhatsApp — ganhar X% a mais que o iFood líquido
A2: Define um preço-alvo para o WhatsApp que supere o líquido do iFood em um % de margem desejado. Mexa na célula amarela B4 para mudar o objetivo de margem; tudo recalcula.
A4: Margem-alvo sobre iFood líquido: | B4: 0.15 | D4: (ex: 15% = WhatsApp deve render 15% a mais que o iFood líquido)
A6: Nº | B6: Pizza | C6: iFood líquido Broto | D6: Sugerido WA Broto | E6: iFood líquido Grande | F6: Sugerido WA Grande
A7: 1 | B7: 2 QUEIJOS | C7: =IFERROR('Comparativo Geral'!F7*(1-'Margem real'!$B$4),"") | D7: =IFERROR(C7*(1+$B$4),"") | E7: =IFERROR('Comparativo Geral'!G7*(1-'Margem real'!$B$4),"") | F7: =IFERROR(E7*(1+$B$4),"")
A8: 2 | B8: 4 QUEIJOS | C8: =IFERROR('Comparativo Geral'!F8*(1-'Margem real'!$B$4),"") | D8: =IFERROR(C8*(1+$B$4),"") | E8: =IFERROR('Comparativo Geral'!G8*(1-'Margem real'!$B$4),"") | F8: =IFERROR(E8*(1+$B$4),"")
A9: 3 | B9: 5 QUEIJOS | C9: =IFERROR('Comparativo Geral'!F9*(1-'Margem real'!$B$4),"") | D9: =IFERROR(C9*(1+$B$4),"") | E9: =IFERROR('Comparativo Geral'!G9*(1-'Margem real'!$B$4),"") | F9: =IFERROR(E9*(1+$B$4),"")
A10: 4 | B10: A MODA DA CASA | C10: =IFERROR('Comparativo Geral'!F10*(1-'Margem real'!$B$4),"") | D10: =IFERROR(C10*(1+$B$4),"") | E10: =IFERROR('Comparativo Geral'!G10*(1-'Margem real'!$B$4),"") | F10: =IFERROR(E10*(1+$B$4),"")
A11: 5 | B11: ABOBRINHA | C11: =IFERROR('Comparativo Geral'!F11*(1-'Margem real'!$B$4),"") | D11: =IFERROR(C11*(1+$B$4),"") | E11: =IFERROR('Comparativo Geral'!G11*(1-'Margem real'!$B$4),"") | F11: =IFERROR(E11*(1+$B$4),"")
A12: 6 | B12: ALADINELE | C12: =IFERROR('Comparativo Geral'!F12*(1-'Margem real'!$B$4),"") | D12: =IFERROR(C12*(1+$B$4),"") | E12: =IFERROR('Comparativo Geral'!G12*(1-'Margem real'!$B$4),"") | F12: =IFERROR(E12*(1+$B$4),"")
A13: 7 | B13: ALCACHOFRA | C13: =IFERROR('Comparativo Geral'!F13*(1-'Margem real'!$B$4),"") | D13: =IFERROR(C13*(1+$B$4),"") | E13: =IFERROR('Comparativo Geral'!G13*(1-'Margem real'!$B$4),"") | F13: =IFERROR(E13*(1+$B$4),"")
A14: 8 | B14: ALCACHOFRA ESPECIAL | C14: =IFERROR('Comparativo Geral'!F14*(1-'Margem real'!$B$4),"") | D14: =IFERROR(C14*(1+$B$4),"") | E14: =IFERROR('Comparativo Geral'!G14*(1-'Margem real'!$B$4),"") | F14: =IFERROR(E14*(1+$B$4),"")
A15: 9 | B15: ALHO | C15: =IFERROR('Comparativo Geral'!F15*(1-'Margem real'!$B$4),"") | D15: =IFERROR(C15*(1+$B$4),"") | E15: =IFERROR('Comparativo Geral'!G15*(1-'Margem real'!$B$4),"") | F15: =IFERROR(E15*(1+$B$4),"")
A16: 10 | B16: ALHO PORÓ | C16: =IFERROR('Comparativo Geral'!F16*(1-'Margem real'!$B$4),"") | D16: =IFERROR(C16*(1+$B$4),"") | E16: =IFERROR('Comparativo Geral'!G16*(1-'Margem real'!$B$4),"") | F16: =IFERROR(E16*(1+$B$4),"")
A17: 11 | B17: ALICHE IMPORTADO | C17: =IFERROR('Comparativo Geral'!F17*(1-'Margem real'!$B$4),"") | D17: =IFERROR(C17*(1+$B$4),"") | E17: =IFERROR('Comparativo Geral'!G17*(1-'Margem real'!$B$4),"") | F17: =IFERROR(E17*(1+$B$4),"")
A18: 12 | B18: AMERICANA | C18: =IFERROR('Comparativo Geral'!F18*(1-'Margem real'!$B$4),"") | D18: =IFERROR(C18*(1+$B$4),"") | E18: =IFERROR('Comparativo Geral'!G18*(1-'Margem real'!$B$4),"") | F18: =IFERROR(E18*(1+$B$4),"")
... A74: 68 | B74: TORTA HOLANDESA | C74: =IFERROR('Comparativo Geral'!F74*(1-'Margem real'!$B$4),"") | D74: =IFERROR(C74*(1+$B$4),"") | E74: =IFERROR('Comparativo Geral'!G74*(1-'Margem real'!$B$4),"") | F74: =IFERROR(E74*(1+$B$4),"")
